name;average_width;average_depth
etalon;6.596000;4.050000
consPDLP;5.860000;4.236000
originalLP;5.503000;4.200000
ecceLP;5.564000;3.947000
consPDFP;5.860000;4.236000
originalFP;5.835000;4.243000
ecceFP;5.837000;4.250000
consPDLN;5.811000;4.233000
originalLN;5.480000;4.211000
ecceLN;5.650000;4.027000
consPDFN;5.811000;4.233000
originalFN;5.759000;4.225000
ecceFN;6.167000;4.299000
