name;average_width;average_depth
etalon;5.800000;3.730000
consPDLP;5.164000;3.908000
originalLP;4.862000;3.860000
ecceLP;4.988000;3.726000
consPDFP;5.164000;3.908000
originalFP;5.150000;3.906000
ecceFP;5.140000;3.906000
consPDLN;5.172000;3.918000
originalLN;4.834000;3.850000
ecceLN;5.060000;3.802000
consPDFN;5.172000;3.918000
originalFN;5.112000;3.924000
ecceFN;5.394000;4.004000
